{"walls":[{"position":{"x":90.53765106201172,"y":0.0,"z":143.3597869873047},"rotation":{"x":0.0,"y":-0.19509033858776093,"z":0.0,"w":0.9807853102684021},"scale":{"x":52.09832763671875,"y":22.689470291137697,"z":50.0}},{"position":{"x":-107.2976303100586,"y":0.0,"z":42.64089584350586},"rotation":{"x":0.0,"y":0.0,"z":0.0,"w":1.0},"scale":{"x":52.09832763671875,"y":22.689470291137697,"z":50.0}},{"position":{"x":45.38187026977539,"y":0.0,"z":-49.47434997558594},"rotation":{"x":0.0,"y":0.0,"z":0.0,"w":1.0},"scale":{"x":150.0,"y":22.689470291137697,"z":50.0}}],"targets":[{"position":{"x":64.35529327392578,"y":0.0,"z":134.5226287841797},"rotation":{"x":-0.39284834265708926,"y":0.5879384279251099,"z":-0.5879371762275696,"w":-0.3928467333316803},"scale":{"x":34.8040885925293,"y":0.23000000417232514,"z":34.8040885925293}}],"masses":[{"position":{"x":-17.80769157409668,"y":0.0,"z":43.294620513916019},"radius":9.539639472961426}],"guns":[{"position":{"x":-4.167568683624268,"y":0.0,"z":-240.36843872070313}}]}
