{"walls":[{"position":{"x":-1.0726492404937745,"y":-0.20000000298023225,"z":-27.80001449584961},"rotation":{"x":0.0,"y":0.0,"z":0.0,"w":1.0},"scale":{"x":52.09832763671875,"y":22.689470291137697,"z":2.1764400005340578}}],"targets":[{"position":{"x":-0.29998475313186648,"y":0.0,"z":-30.900014877319337},"rotation":{"x":-0.000001025988467517891,"y":0.70710688829422,"z":-0.7071067094802856,"w":0.0000010392127478553448},"scale":{"x":16.132280349731447,"y":0.22419962286949159,"z":16.132280349731447}}],"masses":[],"guns":[{"position":{"x":-2.200000047683716,"y":0.0,"z":-98.5999984741211}}]}
