{"walls":[{"position":{"x":-73.69574737548828,"y":0.0,"z":-109.92223358154297},"rotation":{"x":0.0,"y":0.70710688829422,"z":0.0,"w":0.7071067690849304},"scale":{"x":150.0,"y":22.689470291137697,"z":2.96124267578125}},{"position":{"x":-151.97535705566407,"y":0.0,"z":-200.17173767089845},"rotation":{"x":0.0,"y":-1.4614838228510508e-8,"z":0.0,"w":1.0},"scale":{"x":150.0,"y":22.689470291137697,"z":50.0}}],"targets":[{"position":{"x":-144.61314392089845,"y":0.0,"z":-173.8504638671875},"rotation":{"x":-0.000001004894329525996,"y":0.7071066498756409,"z":-0.70710688829422,"w":9.78739990387112e-7},"scale":{"x":55.97812271118164,"y":0.23000000417232514,"z":55.97812271118164}}],"masses":[{"position":{"x":-74.95687103271485,"y":0.0,"z":-9.562142372131348},"radius":20.0}],"guns":[{"position":{"x":-4.167568683624268,"y":0.0,"z":-240.36843872070313}}]}
